Designator,Footprint,Quantity,Value,LCSC Part #
"C1, C10, C11, C12, C13, C14, C15, C16, C17, C18, C19, C2, C20, C21, C22, C23, C24, C3, C4, C5, C6, C7, C8, C9",1210,24,10u 100V,C5156756
"C29, C35, C36, C39, C41, C42, C44, C46, C47",0805,9,100nF,C28233
"C34, C40, C45",0805,3,2.2u,C49217
"C37, C38, C43",0805,3,1u,C28323
J1,PinSocket_2x02_P2.54mm_Vertical_SMD,1,DRIVER1,C3975147
J13,SolderWirePad_1x01_SMD_5x10mm,1,BATT+Conn2,
J14,SolderWirePad_1x01_SMD_5x10mm,1,BATT-Conn2,
"J15, J16, J17",SolderWirePad_1x01_SMD_5x10mm,3,PHASE_PAD,
J2,PinSocket_2x02_P2.54mm_Vertical_SMD,1,DRIVER2,C3975147
J3,PinSocket_2x02_P2.54mm_Vertical_SMD,1,DRIVER3,C3975147
J4,PinSocket_2x03_P2.54mm_Vertical_SMD,1,PhaseConn1,C5160818
J5,PinSocket_2x03_P2.54mm_Vertical_SMD,1,PhaseConn2,C5160818
J6,PinSocket_2x03_P2.54mm_Vertical_SMD,1,PhaseConn3,C5160818
J8,SolderWirePad_1x01_SMD_5x10mm,1,BATT+Conn1,
J9,SolderWirePad_1x01_SMD_5x10mm,1,BATT-Conn1,
"L1, L2, L3",0603,3,BLM18HE152SN1D,C82155
"Q1, Q10, Q11, Q12, Q2, Q3, Q4, Q5, Q6, Q7, Q8, Q9",PQFN_8x8,12,NTMTSC4D3N15MC,
"R1, R13, R20",0805,3,150k,C17470
"R10, R11, R12, R16, R17, R18, R19, R5, R6, R7, R8, R9",0805,12,2r2,C17521
"R14, R2, R21",0805,3,2.7k,C17530
"R15, R3, R4",0805,3,10k,C17414
"TH1, TH2, TH3",0603,3,NCP18XH103F03RB,C13564
"U1, U5, U7",SOT-353_SC-70-5,3,RS2166XC5,C2762292
"U2, U3, U6",Allegro_CB_SMD,3,ACS773ECB-200B-PFF-T,
