Designator,Footprint,Quantity,Value,LCSC Part #
"C1, C11, C13, C16, C17, C21, C22, C23, C24, C26, C44, C45, C46, C6, C9",0603,15,100n,C14663
"C10, C12, C5, C8",0603,4,10n,C57112
"C14, C15, C25, C4, C47, C48, C7",0603,7,1u,C15849
"C18, C19, C20",0603,3,5.6n,C107095
"C2, C3, C36, C37, C38, C39, C40, C41, C42, C43",0603,10,1n,C1588
C27,0603,1,2.2u,C23630
C28,1206,1,47u 25V,C403725
C29,0805,1,100n 100V,C28233
C30,CP_EIA-3528-15_AVX-H,1,100uF 6.3V Tant,C16133
C31,CP_EIA-7343-31_Kemet-D,1,100uF 25V Tant,C212710
"C32, C33, C34",1206,3,22u 25V,C12891
"C35, C52",0603,2,20p,C1648
"C49, C50, C51",0805,3,220p 50v,C107145
"C53, C54, C55, C56",0402,4,1u,C52923
"D1, D5",0805,2,L_RUN,C2297
"D2, D6",0805,2,L_FAULT,C84256
"D3, D4",D_SMA,2,SS14,C2480
"D7, D8",D_SOD-323,2,1N5819WS,C191023
J1,JST_PH_S4B-PH-K_1x04_P2.00mm_Horizontal,1,ServoConn,C157926
"J10, J18, J19",PinHeader_2x03_P2.54mm_Vertical,3,PhaseConn1,C65114
J11,JST_PH_S6B-PH-K_1x06_P2.00mm_Horizontal,1,SPI1Conn,C157920
J12,PinHeader_1x03_P2.54mm_Vertical,1,UpdiConn,
"J13, J9",USB_C_Receptacle_GCT_USB4105-xx-A_16P_TopMnt_Horizontal,2,USBC Socket,C2765186
"J14, J16, J3",PinSocket_1x06_P2.54mm_Vertical,3,Input,C40877
J15,JST_PH_B4B-PH-K_1x04_P2.00mm_Vertical,1,ESPUartConn,C131334
J17,TF01A,1,Micro_SD_Card_Det1,C91145
J2,JST_PH_S8B-PH-K_1x08_P2.00mm_Horizontal,1,AuxConn,C157915
J20,JST_PH_S4B-PH-K_1x04_P2.00mm_Horizontal,1,UART2Conn,C157926
"J23, J24, J25",PinSocket_1x04_P2.54mm_Vertical,3,Output,C2718488
"J26, J27, J28",PinHeader_2x02_P2.54mm_Vertical_SMD,3,OutputDown,C780055
J5,JST_PH_S6B-PH-K_1x06_P2.00mm_Horizontal,1,HallConn,C157920
J6,JST_PH_S4B-PH-K_1x04_P2.00mm_Horizontal,1,UARTConn,C157926
J7,PinHeader_2x02_P2.54mm_Vertical_SMD,1,JTAG,C919361
J8,JST_PH_S4B-PH-K_1x04_P2.00mm_Horizontal,1,CANConn,C157926
L1,L_Sunlord_SWPA5040S,1,5.6uH,C96924
"R1, R14, R15, R16, R26, R28, R3, R31, R32, R33, R34, R36, R4, R41, R42",0603,15,10k,C25804
"R10, R11, R12, R17, R37, R38, R39, R7, R8, R9",0603,10,2.2k,C4190
R13,0603,1,220,C22962
"R18, R19, R20",0603,3,100,C22775
R2,0805,1,3.3k,C26010
R21,0603,1,120,C22787
"R22, R23, R35, R40",0603,4,5.1k,C23186
"R24, R25",0603,2,22,C23345
R27,0805,1,100k,C149504
R29,0603,1,3.16k,C2930087
R30,0603,1,23.7k,C22912
"R5, R6",0603,2,4.7k,C23162
SW1,SW_Tactile_SPST_NO_Straight_CK_PTS636Sx25SMTRLFS,1,BOOT,C329185
SW3,SW_Tactile_SPST_NO_Straight_CK_PTS636Sx25SMTRLFS,1,RST,C329185
U1,LQFP-64_10x10mm_P0.5mm,1,STM32F405RGT6,C15742
U10,MODULE_ESP32-C3-WROOM-02-H4,1,ESP32-C3-WROOM-02-N4,C2934560
U11,SOT-363_SC-70-6,1,SN74LVC1G332DCKR,C2865081
U14,SOT-23-5,1,LM4128AMF-3.3,C2156508
U15,Texas_R-PDSO-G6,1,TPL0401B-10DCKR,C2666599
"U16, U17",VQFN-20-1EP_3x3mm_P0.4mm_EP1.7x1.7mm,2,ATTINY1616-MNR,C507118
U2,Texas_R-PDSO-G6,1,TPL0401A-10DCKR,C485973
U3,Bosch_LGA-14_3x2.5mm_P0.5mm,1,LSM6DS3TR-C,C967633
U4,TSSOP-14_4.4x5mm_P0.65mm,1,SN74CBT3126PWR,C7142
U5,SOT-23-6,1,RS2057XH,C255474
U6,SOP-8_3.9x4.9mm_P1.27mm,1,TJA1051T-3,C5342108
U7,SOT-666,1,USBLC6-2P6,C2827693
U8,TSOT-23-6,1,ZTP7193Y,C481280
U9,SOT-223-3_TabPin2,1,AMS1117-3.3,C6186
Y1,Crystal_SMD_5032-2Pin_5.0x3.2mm,1,X50328MSB2GI,C115962
