Designator,Footprint,Quantity,Value,LCSC Part #
"C1, C11, C13, C16, C17, C21, C22, C23, C24, C26, C44, C45, C46, C58, C6, C60, C9",0603,17,100n,C14663
"C10, C12, C5, C54, C57, C59, C8",0603,7,10n,C57112
"C14, C15, C4, C7",0603,4,1u,C15849
"C18, C19, C2, C20, C25, C3, C36, C37, C38, C39, C40, C41, C42, C43",0603,14,1n,C1588
C27,0603,1,2.2u,C23630
"C28, C32, C33, C34",1206,4,22u 25V,C12891
C30,CP_EIA-3528-15_AVX-H,1,100uF 6.3V Tant,C16133
C31,CP_EIA-7343-31_Kemet-D,1,100uF 25V Tant,C212710
"C35, C52",0603,2,20p,C1648
"C47, C48, C53, C55",0402,4,1u,C52923
"C49, C50, C51",0603,3,220p,C1603
"D1, D5",0603,2,L_RUN,C72043
"D10, D11, D12, D2, D6",0603,5,L_FAULT,C2286
"D3, D4, D7, D8",D_SOD-323,4,1N5819WS,C191023
D9,D_SMA,1,SS34,C8678
J1,JST_PH_S4B-PH-K_1x04_P2.00mm_Horizontal,1,ServoConn,C157926
"J10, J18, J19",PinHeader_2x03_P2.54mm_Vertical,3,PhaseConn1,C65114
"J11, J20",JST_PH_S6B-PH-K_1x06_P2.00mm_Horizontal,2,SPI1Conn,C157920
J12,JST_PH_B4B-PH-K_1x04_P2.00mm_Vertical,1,UART2Conn,C131334
"J13, J9",USB_C_Receptacle_GCT_USB4105-xx-A_16P_TopMnt_Horizontal,2,USBC Socket,C2765186
"J14, J16, J3",PinSocket_1x06_P2.54mm_Vertical,3,Input,C40877
J15,JST_PH_B4B-PH-K_1x04_P2.00mm_Vertical,1,ESPUartConn,C131334
J17,TF01A,1,Micro_SD_Card_Det1,C91145
J2,JST_PH_S8B-PH-K_1x08_P2.00mm_Horizontal,1,AuxConn,C157915
"J21, J4",TestPoint_2Pads_Pitch2.54mm_Drill0.8mm,2,UARTDBG,
J22,JST_PH_B4B-PH-K_1x04_P2.00mm_Vertical,1,UART3Conn,C131334
"J23, J24, J25",PinSocket_1x04_P2.54mm_Vertical,3,Output,C2718488
"J26, J27, J28",PinHeader_2x02_P2.54mm_Vertical_SMD,3,OutputDown,C780055
J5,JST_PH_S6B-PH-K_1x06_P2.00mm_Horizontal,1,HallConn,C157920
J6,JST_PH_S4B-PH-K_1x04_P2.00mm_Horizontal,1,UARTConn,C157926
J7,PinHeader_2x02_P2.54mm_Vertical,1,JTAG,C2685136
J8,JST_PH_S4B-PH-K_1x04_P2.00mm_Horizontal,1,CANConn,C157926
JP1,SolderJumper-3_P1.3mm_Bridged2Bar12_RoundedPad1.0x1.5mm_NumberLabels,1,SolderJumper_3_Bridged12,
L2,L_Bourns_SRP7028A_7.3x6.6mm,1,15uH,C329395
"R1, R10, R11, R12, R14, R15, R16, R17, R26, R28, R3, R31, R32, R33, R34, R36, R4, R41, R42, R44, R45, R47, R49, R7, R8, R9",0603,26,10k,C25804
R13,0603,1,220,C22962
"R18, R19, R20, R43, R5, R6",0603,6,4.7k,C23162
R2,0805,1,3.3k,C26010
R21,0603,1,120,C22787
"R22, R23, R35, R40",0603,4,5.1k,C23186
"R24, R25",0603,2,22,C23345
"R37, R38, R39",0603,3,2.2k,C4190
R46,0603,1,3.3k,C22978
SW1,SW_Push_1P1T_XKB_TS-1187A,1,BOOT,C318884
SW3,SW_Push_1P1T_XKB_TS-1187A,1,RST,C318884
"TP1, TP2",TestPoint_Pad_D1.0mm,2,TestPoint,
"TP3, TP4",TestPoint_Pad_D1.0mm,2,VTP,
"TP5, TP6",TestPoint_THTPad_D1.5mm_Drill0.7mm,2,UPDI,
"U1, U13",Texas_R-PDSO-G6,2,TPL0401B-10DCKR,C2666599
U10,MODULE_ESP32-C3-WROOM-02-H4,1,ESP32-C3-WROOM-02-N4,C2934560
U11,SOT-363_SC-70-6,1,SN74LVC1G332DCKR,C2865081
U12,LQFP-100_14x14mm_P0.5mm,1,STM32F407VGT6,C12345
U14,SOT-23-5,1,LM4128AMF-3.3,C2156508
"U15, U2",VQFN-20-1EP_3x3mm_P0.4mm_EP1.7x1.7mm,2,ATTINY1616-MNR,C507118
U16,TI_SO-PowerPAD-8_ThermalVias,1,TPS5430DDAR,C9864
U3,Bosch_LGA-14_3x2.5mm_P0.5mm,1,LSM6DS3TR-C,C967633
U4,TSSOP-14_4.4x5mm_P0.65mm,1,SN74CBT3126PWR,C7142
U5,SOT-23-6,1,RS2057XH,C255474
U6,SOP-8_3.9x4.9mm_P1.27mm,1,"TJA1050T/CM,118",C6952
U7,SOT-666,1,USBLC6-2P6,C2827693
U9,SOT-223-3_TabPin2,1,AMS1117-3.3,C6186
Y1,Crystal_SMD_5032-2Pin_5.0x3.2mm,1,X50328MSB2GI,C115962
