Designator,Footprint,Quantity,Value,LCSC Part #
"C1, C12, C15, C17, C8",0805,5,100n,C28233
"C10, C13, C25, C26, C27, C9",1206,6,4.7u 50v,C29823
"C14, C18, C19",CP_EIA-7343-31_Kemet-D,3,47u 25v Tant,C117039
"C2, C5, C6",0805,3,1u,C28323
"C22, C23, C24",0805,3,220p 50v,C107145
"D1, D2, D3, D4",D_SOD-123,4,B5819W SL,C8598
"D13, D15, D17, D18, D28, D29",D_SOD-123F,6,DSS34,C511866
"D14, D16, D27",D_SMA,3,SS520F,C353179
"D19, D20",D_SOD-323,2,B0520WS-7-F,C124198
D30,0805,1,LED,
J1,PinSocket_2x04_P2.54mm_Vertical,1,LHConn,C2977588
J10,PinHeader_1x03_P2.54mm_Vertical,1,HallConn2,C49257
J11,PinHeader_1x03_P2.54mm_Vertical,1,HallConn3,C49257
J2,PinHeader_1x03_P2.54mm_Vertical,1,HallConn1,C49257
J4,PinHeader_2x04_P2.54mm_Vertical,1,HV1Conn,C492421
J5,PinHeader_2x04_P2.54mm_Vertical,1,HV2Conn,C492421
J6,PinHeader_2x04_P2.54mm_Vertical,1,HV3Conn,C492421
J7,PinSocket_2x06_P2.54mm_Vertical,1,LogicConn,C541855
J8,PinSocket_2x04_P2.54mm_Vertical,1,MosTempConn,C2977588
J9,PinSocket_2x06_P2.54mm_Vertical,1,LogicConn2,C541855
R1,0805,1,2k87,C365281
"R11, R12",0805,2,R,
R13,0805,1,47k,C17713
R14,0805,1,75k,C17819
R15,0805,1,10k,C17414
"R16, R24, R34",0805,3,20k,C4328
"R17, R18, R19, R21, R22, R25, R26, R27, R28, R29, R35, R36, R37, R38, R39",0805,15,2r2,C17521
R2,0805,1,5k6,C4382
"R20, R23, R30, R31, R40, R41",0805,6,4.7k,C17673
"R32, R33, R43, R44, R45",0805,5,2.2k,C17520
R42,0805,1,220,C17557
R46,0805,1,0,C17477
"U1, U7, U9",SOIC-16W_7.5x10.3mm_P1.27mm,3,NCD57252DWR2G,C2902111
U2,TSSOP-14_4.4x5mm_P0.65mm,1,LM324,C7942
U3,HWProt,1,HWProt,
U8,TSOP-5_1.65x3.05mm_P0.95mm,1,"74LVC1G125GV,125",C12518
