Designator,Footprint,Quantity,Value,LCSC Part #
"C1, C11, C13, C16, C17, C21, C22, C23, C24, C26, C44, C45, C46, C6, C9",0805,15,100n,C28233
"C10, C12, C5, C8",0805,4,10n,C1710
"C14, C15, C25, C4, C47, C48, C7",0805,7,1u,C28323
"C18, C19, C20",0805,3,5n6,C565626
"C2, C3, C36, C37, C38, C39, C40, C41, C42, C43",0805,10,1n,C46653
C27,0805,1,2.2u,C49217
C28,1206,1,47n 25V,C403725
C29,0805,1,100n 100V,C28233
C30,CP_EIA-3528-15_AVX-H,1,100uF 6.3V Tant,C16133
C31,CP_EIA-7343-31_Kemet-D,1,100uF 25V Tant,C212710
"C32, C33, C34",1206,3,22u 25V,C12891
"C35, C52",0603,2,20p,C1648
"C49, C50, C51",0805,3,220p 50v,C107145
D1,0805,1,L_RUN,C2297
D2,0805,1,L_FAULT,C84256
"D3, D4, D5, D6, D7, D8",D_SMA,6,SS54,C22452
J1,JST_EH_S4B-EH_1x04_P2.50mm_Horizontal,1,ServoConn,C265068
J10,PinHeader_1x05_P2.54mm_Vertical,1,PhaseConn1,C492404
J11,PinHeader_1x04_P2.54mm_Vertical,1,MosTempConn,C2935910
J12,PinHeader_1x03_P2.54mm_Vertical,1,UpdiConn,C49257
J13,PinHeader_1x04_P2.54mm_Vertical,1,VINConn,C2935910
"J14, J16, J3",PinSocket_1x06_P2.54mm_Vertical,3,Input,
"J18, J19",PinHeader_1x05_P2.54mm_Vertical,2,PhaseConn2,C492404
J2,PinHeader_1x05_P2.54mm_Vertical,1,AuxConn,C124379
"J23, J24, J25",PinSocket_1x04_P2.54mm_Vertical,3,Output,
"J26, J27, J28",PinHeader_1x04_P2.54mm_Vertical,3,OutputDown,
J4,JST_EH_S6B-EH_1x06_P2.50mm_Horizontal,1,ADCConn,C495208
J5,JST_EH_S6B-EH_1x06_P2.50mm_Horizontal,1,HallConn,C495208
J6,JST_EH_S5B-EH_1x05_P2.50mm_Horizontal,1,UartSpi,C265103
J7,PinHeader_1x05_P2.54mm_Vertical,1,JTAG,C124379
J8,JST_EH_S4B-EH_1x04_P2.50mm_Horizontal,1,CANConn,C265068
J9,USB_C_Receptacle_GCT_USB4105-xx-A_16P_TopMnt_Horizontal,1,USBC Socket,C2765186
L1,L_Sunlord_SWPA5040S,1,5.6uH,C96924
"R1, R14, R15, R16, R36",0805,5,10k,C17414
"R10, R11, R12, R17, R26, R31, R32, R33, R34, R35, R37, R38, R39, R7, R8, R9",0805,16,2.2k,C17520
"R13, R21, R3, R4",0805,4,220,C17557
"R18, R19, R20",0805,3,100,C17408
R2,0805,1,3.3k,C26010
"R22, R23",0805,2,5.1k,C27834
"R24, R25",0805,2,22,C17561
R27,0805,1,100k,C149504
R28,0805,1,33k,C17633
R29,0805,1,7.68k,C104506
R30,0603,1,40.2k,C12447
"R5, R6",0805,2,4.7k,C17673
SW1,SW_Tactile_SPST_NO_Straight_CK_PTS636Sx25SMTRLFS,1,BOOT,C329185
SW3,SW_Tactile_SPST_NO_Straight_CK_PTS636Sx25SMTRLFS,1,RST,C329185
U1,LQFP-64_10x10mm_P0.5mm,1,STM32F405RGT6,C15742
"U10, U11, U12",TSOP-5_1.65x3.05mm_P0.95mm,3,"74LVC1G125GV,125",C12518
U13,HWProt,1,HWProt,
U14,SOT-23-5,1,LM4128AMF-3.3,C2156508
U3,Bosch_LGA-14_3x2.5mm_P0.5mm,1,BMI323,C5368700
U4,TSSOP-14_4.4x5mm_P0.65mm,1,SN74CBT3126PWR,C7142
U5,SOT-23-6,1,RS2057XH,C255474
U6,SOP-8_3.9x4.9mm_P1.27mm,1,TJA1051T-3,C5342108
U7,SOT-666,1,USBLC6-2P6,C2827693
U8,TSOT-23-6,1,ZTP7193Y,C481280
U9,SOT-223-3_TabPin2,1,AMS1117-3.3,C6186
Y1,Crystal_SMD_5032-2Pin_5.0x3.2mm,1,X50328MSB2GI,C115962
