Designator,Footprint,Quantity,Value,LCSC Part #
"C1, C11, C13, C16, C17, C21, C22, C23, C24, C26, C35, C6, C9",0805,13,100n,C282732
"C10, C12, C5, C8",0805,4,10n,C83170
"C14, C15, C25, C4, C7",0805,5,1u,C28323
"C18, C19, C20",0805,3,5n6,C565626
C27,0805,1,2.2u,C377773
C28,CP_Elec_6.3x7.7,1,47u 50V,C72523
C29,1206,1,100n 100V,C107181
C30,CP_EIA-3528-15_AVX-H,1,100uF 6.3V Tant,C16133
C31,CP_EIA-7343-31_Kemet-D,1,100uF 25V Tant,C212710
"C32, C33, C34",1210,3,22u 25V,C309062
D1,0805,1,L_RUN,C434435
D2,0805,1,L_FAULT,C131244
J1,JST_EH_S4B-EH_1x04_P2.50mm_Horizontal,1,ServoConn,C265068
J10,PinHeader_2x04_P2.54mm_Vertical,1,LHConn,C492421
J11,PinHeader_2x04_P2.54mm_Vertical,1,MosTempConn,C492421
J12,PinHeader_2x06_P2.54mm_Vertical,1,LogicConn,C225521
J2,PinHeader_2x06_P2.54mm_Vertical,1,LogicConn2,C225521
J4,JST_EH_S6B-EH_1x06_P2.50mm_Horizontal,1,ADCConn,C495208
J5,JST_EH_S6B-EH_1x06_P2.50mm_Horizontal,1,HallConn,C495208
J6,JST_EH_S5B-EH_1x05_P2.50mm_Horizontal,1,UartSpi,C265103
J7,PinHeader_1x05_P2.54mm_Vertical,1,JTAG,C124379
J8,JST_EH_S4B-EH_1x04_P2.50mm_Horizontal,1,CANConn,C265068
J9,USB_C_Receptacle_GCT_USB4105-xx-A_16P_TopMnt_Horizontal,1,USBC Socket,C2765186
L1,L_Sunlord_SWPA5040S,1,5.6uH,C96924
"R1, R14, R15, R16",0805,4,10k,C2930231
"R10, R11, R12, R17, R7, R8, R9",0805,7,2.2k,C139913
"R13, R21, R3, R4",0805,4,220,C17557
"R18, R19, R20",0805,3,100,C17408
R2,0805,1,3.3k,C114531
"R22, R23",0805,2,5.1k,C118848
"R24, R25",0805,2,22,C17561
R27,0805,1,100k,C3152173
R28,0805,1,33k,C2933415
R29,0805,1,7.68k,C104506
R30,0805,1,40.2k,C2933438
"R5, R6",0805,2,4.7k,C115319
SW1,SW_SPST_Omron_B3FS-100xP,1,BOOT,C271750
SW3,SW_SPST_Omron_B3FS-100xP,1,RST,C271750
U1,LQFP-64_10x10mm_P0.5mm,1,STM32F405RGT6,C15742
U2,SOT-23-5,1,REF1933AIDDCT,C2877564
U3,Bosch_LGA-14_3x2.5mm_P0.5mm,1,BMI323,C5368700
U4,TSSOP-14_4.4x5mm_P0.65mm,1,SN74CBT3126PWR,C7142
U5,SOT-23-6,1,RS2057XH,C255474
U6,SOP-8_3.9x4.9mm_P1.27mm,1,TJA1051T-3,C5342108
U7,SOT-666,1,USBLC6-2P6,C2827693
U8,TSOT-23-6,1,ZTP7193Y,C481280
U9,SOT-223-3_TabPin2,1,AMS1117-3.3,C6186
X1,Crystal_SMD_5032-4Pin_5.0x3.2mm,1,S5D8.000000A20F30T,C387208
