[{"pos_x": 170.0, "pos_y": -118.0, "rotation": 0.0, "side": "top", "designator": "H4", "mpn": null, "pack": "MountingHole_4.3mm_M4_DIN965_Pad", "value": "MountingHole", "mount_type": "tht", "place": true}, {"pos_x": 77.0, "pos_y": -118.0, "rotation": 0.0, "side": "top", "designator": "H3", "mpn": null, "pack": "MountingHole_4.3mm_M4_DIN965_Pad", "value": "MountingHole", "mount_type": "tht", "place": true}, {"pos_x": 205.0, "pos_y": -75.0, "rotation": 0.0, "side": "top", "designator": "H2", "mpn": null, "pack": "MountingHole_4.3mm_M4_DIN965_Pad", "value": "MountingHole", "mount_type": "tht", "place": true}, {"pos_x": 71.0, "pos_y": -75.0, "rotation": 0.0, "side": "top", "designator": "H1", "mpn": null, "pack": "MountingHole_4.3mm_M4_DIN965_Pad", "value": "MountingHole", "mount_type": "tht", "place": true}, {"pos_x": 95.0, "pos_y": -86.5, "rotation": 90.0, "side": "top", "designator": "Q12", "mpn": "C459162", "pack": "TO-263-2", "value": "IPB072N15N3G", "mount_type": "smt", "place": true}, {"pos_x": 83.0, "pos_y": -57.0, "rotation": 90.0, "side": "top", "designator": "Q11", "mpn": "C459162", "pack": "TO-263-2", "value": "IPB072N15N3G", "mount_type": "smt", "place": true}, {"pos_x": 83.0, "pos_y": -86.5, "rotation": 90.0, "side": "top", "designator": "Q10", "mpn": "C459162", "pack": "TO-263-2", "value": "IPB072N15N3G", "mount_type": "smt", "place": true}, {"pos_x": 95.0, "pos_y": -57.0, "rotation": 90.0, "side": "top", "designator": "Q9", "mpn": "C459162", "pack": "TO-263-2", "value": "IPB072N15N3G", "mount_type": "smt", "place": true}, {"pos_x": 142.5, "pos_y": -86.5, "rotation": 90.0, "side": "top", "designator": "Q8", "mpn": "C459162", "pack": "TO-263-2", "value": "IPB072N15N3G", "mount_type": "smt", "place": true}, {"pos_x": 130.5, "pos_y": -57.0, "rotation": 90.0, "side": "top", "designator": "Q7", "mpn": "C459162", "pack": "TO-263-2", "value": "IPB072N15N3G", "mount_type": "smt", "place": true}, {"pos_x": 130.5, "pos_y": -86.5, "rotation": 90.0, "side": "top", "designator": "Q6", "mpn": "C459162", "pack": "TO-263-2", "value": "IPB072N15N3G", "mount_type": "smt", "place": true}, {"pos_x": 142.5, "pos_y": -57.0, "rotation": 90.0, "side": "top", "designator": "Q5", "mpn": "C459162", "pack": "TO-263-2", "value": "IPB072N15N3G", "mount_type": "smt", "place": true}, {"pos_x": 190.0, "pos_y": -86.5, "rotation": 90.0, "side": "top", "designator": "Q4", "mpn": "C459162", "pack": "TO-263-2", "value": "IPB072N15N3G", "mount_type": "smt", "place": true}, {"pos_x": 178.0, "pos_y": -57.0, "rotation": 90.0, "side": "top", "designator": "Q3", "mpn": "C459162", "pack": "TO-263-2", "value": "IPB072N15N3G", "mount_type": "smt", "place": true}, {"pos_x": 178.0, "pos_y": -86.5, "rotation": 90.0, "side": "top", "designator": "Q2", "mpn": "C459162", "pack": "TO-263-2", "value": "IPB072N15N3G", "mount_type": "smt", "place": true}, {"pos_x": 190.0, "pos_y": -57.0, "rotation": 90.0, "side": "top", "designator": "Q1", "mpn": "C459162", "pack": "TO-263-2", "value": "IPB072N15N3G", "mount_type": "smt", "place": true}, {"pos_x": 98.5, "pos_y": -119.5, "rotation": -90.0, "side": "top", "designator": "C46", "mpn": "C24497", "pack": "C_1206_3216Metric", "value": "100nF", "mount_type": "smt", "place": true}, {"pos_x": 146.0, "pos_y": -119.5, "rotation": -90.0, "side": "top", "designator": "C41", "mpn": "C24497", "pack": "C_1206_3216Metric", "value": "100nF", "mount_type": "smt", "place": true}, {"pos_x": 193.5, "pos_y": -119.5, "rotation": -90.0, "side": "top", "designator": "C35", "mpn": "C24497", "pack": "C_1206_3216Metric", "value": "100nF", "mount_type": "smt", "place": true}, {"pos_x": 116.0, "pos_y": -60.0, "rotation": 180.0, "side": "top", "designator": "C11", "mpn": null, "pack": "C_1210_3225Metric", "value": "10u 100V", "mount_type": "smt", "place": true}, {"pos_x": 190.5, "pos_y": -120.5, "rotation": 90.0, "side": "top", "designator": "U1", "mpn": "C2762292", "pack": "SOT-353_SC-70-5", "value": "RS2166XC5", "mount_type": "smt", "place": true}, {"pos_x": 92.0, "pos_y": -121.5, "rotation": -90.0, "side": "top", "designator": "C47", "mpn": "C28233", "pack": "C_0805_2012Metric", "value": "100nF", "mount_type": "smt", "place": true}, {"pos_x": 180.5, "pos_y": -119.0, "rotation": 0.0, "side": "top", "designator": "R34", "mpn": "C17520", "pack": "R_0805_2012Metric", "value": "2.2k", "mount_type": "smt", "place": true}, {"pos_x": 87.0, "pos_y": -121.0, "rotation": 0.0, "side": "top", "designator": "R27", "mpn": "C17713", "pack": "R_0805_2012Metric", "value": "47k", "mount_type": "smt", "place": true}, {"pos_x": 185.5, "pos_y": -64.5, "rotation": -90.0, "side": "top", "designator": "R9", "mpn": "C17521", "pack": "R_0805_2012Metric", "value": "2r2", "mount_type": "smt", "place": true}, {"pos_x": 105.0, "pos_y": -93.5, "rotation": 0.0, "side": "top", "designator": "C43", "mpn": "C28323", "pack": "C_0805_2012Metric", "value": "1u", "mount_type": "smt", "place": true}, {"pos_x": 187.0, "pos_y": -121.5, "rotation": -90.0, "side": "top", "designator": "C36", "mpn": "C28233", "pack": "C_0805_2012Metric", "value": "100nF", "mount_type": "smt", "place": true}, {"pos_x": 141.0, "pos_y": -114.5, "rotation": 180.0, "side": "top", "designator": "R38", "mpn": "C17520", "pack": "R_0805_2012Metric", "value": "2.2k", "mount_type": "smt", "place": true}, {"pos_x": 139.5, "pos_y": -121.5, "rotation": -90.0, "side": "top", "designator": "C42", "mpn": "C28233", "pack": "C_0805_2012Metric", "value": "100nF", "mount_type": "smt", "place": true}, {"pos_x": 90.0, "pos_y": -121.5, "rotation": -90.0, "side": "top", "designator": "C44", "mpn": "C28233", "pack": "C_0805_2012Metric", "value": "100nF", "mount_type": "smt", "place": true}, {"pos_x": 168.5, "pos_y": -56.5, "rotation": 180.0, "side": "top", "designator": "C50", "mpn": null, "pack": "C_1210_3225Metric", "value": "10u 100V", "mount_type": "smt", "place": true}, {"pos_x": 78.5, "pos_y": -64.5, "rotation": -90.0, "side": "top", "designator": "R18", "mpn": "C17521", "pack": "R_0805_2012Metric", "value": "2r2", "mount_type": "smt", "place": true}, {"pos_x": 121.0, "pos_y": -60.0, "rotation": 180.0, "side": "top", "designator": "C10", "mpn": null, "pack": "C_1210_3225Metric", "value": "10u 100V", "mount_type": "smt", "place": true}, {"pos_x": 126.0, "pos_y": -94.0, "rotation": -90.0, "side": "top", "designator": "R6", "mpn": "C17521", "pack": "R_0805_2012Metric", "value": "2r2", "mount_type": "smt", "place": true}, {"pos_x": 168.5, "pos_y": -53.0, "rotation": 180.0, "side": "top", "designator": "C28", "mpn": null, "pack": "C_1210_3225Metric", "value": "10u 100V", "mount_type": "smt", "place": true}, {"pos_x": 188.0, "pos_y": -105.5, "rotation": -90.0, "side": "top", "designator": "R31", "mpn": "C5119469", "pack": "R_2512_6332Metric", "value": "0.5m", "mount_type": "smt", "place": true}, {"pos_x": 185.0, "pos_y": -121.5, "rotation": -90.0, "side": "top", "designator": "C29", "mpn": "C28233", "pack": "C_0805_2012Metric", "value": "100nF", "mount_type": "smt", "place": true}, {"pos_x": 151.5, "pos_y": -89.5, "rotation": 0.0, "side": "top", "designator": "R13", "mpn": "C17470", "pack": "R_0805_2012Metric", "value": "150k", "mount_type": "smt", "place": true}, {"pos_x": 155.98, "pos_y": -119.54, "rotation": 0.0, "side": "top", "designator": "J5", "mpn": "C5160818", "pack": "PinSocket_2x03_P2.54mm_Vertical_SMD", "value": "PhaseConn2", "mount_type": "smt", "place": true}, {"pos_x": 173.5, "pos_y": -94.0, "rotation": -90.0, "side": "top", "designator": "R10", "mpn": "C17521", "pack": "R_0805_2012Metric", "value": "2r2", "mount_type": "smt", "place": true}, {"pos_x": 138.0, "pos_y": -94.0, "rotation": -90.0, "side": "top", "designator": "R8", "mpn": "C17521", "pack": "R_0805_2012Metric", "value": "2r2", "mount_type": "smt", "place": true}, {"pos_x": 187.0, "pos_y": -117.5, "rotation": 90.0, "side": "top", "designator": "R40", "mpn": "C149504", "pack": "R_0805_2012Metric", "value": "100k", "mount_type": "smt", "place": true}, {"pos_x": 173.5, "pos_y": -64.5, "rotation": -90.0, "side": "top", "designator": "R11", "mpn": "C17521", "pack": "R_0805_2012Metric", "value": "2r2", "mount_type": "smt", "place": true}, {"pos_x": 163.5, "pos_y": -63.5, "rotation": 180.0, "side": "top", "designator": "C2", "mpn": null, "pack": "C_1210_3225Metric", "value": "10u 100V", "mount_type": "smt", "place": true}, {"pos_x": 197.0, "pos_y": -94.0, "rotation": 90.0, "side": "top", "designator": "TH1", "mpn": "C13564", "pack": "R_0603_1608Metric", "value": "NCP18XH103F03RB", "mount_type": "smt", "place": true}, {"pos_x": 206.5, "pos_y": -44.0, "rotation": 0.0, "side": "top", "designator": "J13", "mpn": null, "pack": "SolderWirePad_1x01_SMD_5x10mm", "value": "BATT+Conn2", "mount_type": "smt", "place": true}, {"pos_x": 207.0, "pos_y": -129.5, "rotation": 0.0, "side": "top", "designator": "J9", "mpn": null, "pack": "SolderWirePad_1x01_SMD_5x10mm", "value": "BATT-Conn1", "mount_type": "smt", "place": true}, {"pos_x": 68.5, "pos_y": -60.0, "rotation": 180.0, "side": "top", "designator": "C27", "mpn": null, "pack": "C_1210_3225Metric", "value": "10u 100V", "mount_type": "smt", "place": true}, {"pos_x": 134.5, "pos_y": -121.0, "rotation": 0.0, "side": "top", "designator": "R26", "mpn": "C17713", "pack": "R_0805_2012Metric", "value": "47k", "mount_type": "smt", "place": true}, {"pos_x": 137.5, "pos_y": -121.5, "rotation": -90.0, "side": "top", "designator": "C39", "mpn": "C28233", "pack": "C_0805_2012Metric", "value": "100nF", "mount_type": "smt", "place": true}, {"pos_x": 156.0, "pos_y": -58.0, "rotation": 90.0, "side": "top", "designator": "J2", "mpn": "C3975147", "pack": "PinSocket_2x02_P2.54mm_Vertical_SMD", "value": "DRIVER2", "mount_type": "smt", "place": true}, {"pos_x": 109.23, "pos_y": -119.54, "rotation": 0.0, "side": "top", "designator": "J6", "mpn": "C5160818", "pack": "PinSocket_2x03_P2.54mm_Vertical_SMD", "value": "PhaseConn3", "mount_type": "smt", "place": true}, {"pos_x": 116.0, "pos_y": -53.0, "rotation": 180.0, "side": "top", "designator": "C32", "mpn": null, "pack": "C_1210_3225Metric", "value": "10u 100V", "mount_type": "smt", "place": true}, {"pos_x": 143.0, "pos_y": -120.5, "rotation": 90.0, "side": "top", "designator": "U5", "mpn": "C2762292", "pack": "SOT-353_SC-70-5", "value": "RS2166XC5", "mount_type": "smt", "place": true}, {"pos_x": 104.0, "pos_y": -89.5, "rotation": 0.0, "side": "top", "designator": "R20", "mpn": "C17470", "pack": "R_0805_2012Metric", "value": "150k", "mount_type": "smt", "place": true}, {"pos_x": 93.5, "pos_y": -114.5, "rotation": 180.0, "side": "top", "designator": "R39", "mpn": "C17520", "pack": "R_0805_2012Metric", "value": "2.2k", "mount_type": "smt", "place": true}, {"pos_x": 68.5, "pos_y": -53.0, "rotation": 180.0, "side": "top", "designator": "C49", "mpn": null, "pack": "C_1210_3225Metric", "value": "10u 100V", "mount_type": "smt", "place": true}, {"pos_x": 139.5, "pos_y": -117.5, "rotation": 90.0, "side": "top", "designator": "R41", "mpn": "C149504", "pack": "R_0805_2012Metric", "value": "100k", "mount_type": "smt", "place": true}, {"pos_x": 152.5, "pos_y": -95.5, "rotation": 0.0, "side": "top", "designator": "R4", "mpn": "C17414", "pack": "R_0805_2012Metric", "value": "10k", "mount_type": "smt", "place": true}, {"pos_x": 180.5, "pos_y": -105.5, "rotation": -90.0, "side": "top", "designator": "R28", "mpn": "C5119469", "pack": "R_2512_6332Metric", "value": "0.5m", "mount_type": "smt", "place": true}, {"pos_x": 153.5, "pos_y": -91.5, "rotation": 0.0, "side": "top", "designator": "R14", "mpn": "C17530", "pack": "R_0805_2012Metric", "value": "2.7k", "mount_type": "smt", "place": true}, {"pos_x": 182.0, "pos_y": -121.0, "rotation": 0.0, "side": "top", "designator": "R25", "mpn": "C17713", "pack": "R_0805_2012Metric", "value": "47k", "mount_type": "smt", "place": true}, {"pos_x": 121.0, "pos_y": -56.5, "rotation": 180.0, "side": "top", "designator": "C52", "mpn": null, "pack": "C_1210_3225Metric", "value": "10u 100V", "mount_type": "smt", "place": true}, {"pos_x": 203.5, "pos_y": -58.0, "rotation": 90.0, "side": "top", "designator": "J1", "mpn": "C3975147", "pack": "PinSocket_2x02_P2.54mm_Vertical_SMD", "value": "DRIVER1", "mount_type": "smt", "place": true}, {"pos_x": 152.5, "pos_y": -93.5, "rotation": 0.0, "side": "top", "designator": "C38", "mpn": "C28323", "pack": "C_0805_2012Metric", "value": "1u", "mount_type": "smt", "place": true}, {"pos_x": 95.0, "pos_y": -117.5, "rotation": 0.0, "side": "top", "designator": "R24", "mpn": "C17471", "pack": "R_0805_2012Metric", "value": "150", "mount_type": "smt", "place": true}, {"pos_x": 163.5, "pos_y": -60.0, "rotation": 180.0, "side": "top", "designator": "C9", "mpn": null, "pack": "C_1210_3225Metric", "value": "10u 100V", "mount_type": "smt", "place": true}, {"pos_x": 149.5, "pos_y": -94.0, "rotation": 90.0, "side": "top", "designator": "TH2", "mpn": "C13564", "pack": "R_0603_1608Metric", "value": "NCP18XH103F03RB", "mount_type": "smt", "place": true}, {"pos_x": 73.5, "pos_y": -63.5, "rotation": 180.0, "side": "top", "designator": "C48", "mpn": "C5156756", "pack": "C_1210_3225Metric", "value": "10u 100V", "mount_type": "smt", "place": true}, {"pos_x": 133.0, "pos_y": -119.0, "rotation": 0.0, "side": "top", "designator": "R35", "mpn": "C17520", "pack": "R_0805_2012Metric", "value": "2.2k", "mount_type": "smt", "place": true}, {"pos_x": 200.0, "pos_y": -93.5, "rotation": 0.0, "side": "top", "designator": "C37", "mpn": "C28323", "pack": "C_0805_2012Metric", "value": "1u", "mount_type": "smt", "place": true}, {"pos_x": 137.0, "pos_y": -73.5, "rotation": 90.0, "side": "top", "designator": "J15", "mpn": null, "pack": "SolderWirePad_1x01_SMD_5x10mm", "value": "PHASE_PAD", "mount_type": "smt", "place": true}, {"pos_x": 78.5, "pos_y": -94.0, "rotation": -90.0, "side": "top", "designator": "R17", "mpn": "C17521", "pack": "R_0805_2012Metric", "value": "2r2", "mount_type": "smt", "place": true}, {"pos_x": 202.73, "pos_y": -119.54, "rotation": 0.0, "side": "top", "designator": "J4", "mpn": "C5160818", "pack": "PinSocket_2x03_P2.54mm_Vertical_SMD", "value": "PhaseConn1", "mount_type": "smt", "place": true}, {"pos_x": 66.0, "pos_y": -129.5, "rotation": 0.0, "side": "top", "designator": "J14", "mpn": null, "pack": "SolderWirePad_1x01_SMD_5x10mm", "value": "BATT-Conn2", "mount_type": "smt", "place": true}, {"pos_x": 121.0, "pos_y": -63.5, "rotation": 180.0, "side": "top", "designator": "C25", "mpn": "C5156756", "pack": "C_1210_3225Metric", "value": "10u 100V", "mount_type": "smt", "place": true}, {"pos_x": 185.5, "pos_y": -94.0, "rotation": -90.0, "side": "top", "designator": "R12", "mpn": "C17521", "pack": "R_0805_2012Metric", "value": "2r2", "mount_type": "smt", "place": true}, {"pos_x": 68.5, "pos_y": -56.5, "rotation": 180.0, "side": "top", "designator": "C55", "mpn": null, "pack": "C_1210_3225Metric", "value": "10u 100V", "mount_type": "smt", "place": true}, {"pos_x": 168.5, "pos_y": -63.5, "rotation": 180.0, "side": "top", "designator": "C1", "mpn": "C5156756", "pack": "C_1210_3225Metric", "value": "10u 100V", "mount_type": "smt", "place": true}, {"pos_x": 108.5, "pos_y": -58.0, "rotation": 90.0, "side": "top", "designator": "J3", "mpn": "C3975147", "pack": "PinSocket_2x02_P2.54mm_Vertical_SMD", "value": "DRIVER3", "mount_type": "smt", "place": true}, {"pos_x": 138.0, "pos_y": -64.5, "rotation": -90.0, "side": "top", "designator": "R5", "mpn": "C17521", "pack": "R_0805_2012Metric", "value": "2r2", "mount_type": "smt", "place": true}, {"pos_x": 199.0, "pos_y": -89.5, "rotation": 0.0, "side": "top", "designator": "R1", "mpn": "C17470", "pack": "R_0805_2012Metric", "value": "150k", "mount_type": "smt", "place": true}, {"pos_x": 106.0, "pos_y": -91.5, "rotation": 0.0, "side": "top", "designator": "R21", "mpn": "C17530", "pack": "R_0805_2012Metric", "value": "2.7k", "mount_type": "smt", "place": true}, {"pos_x": 102.0, "pos_y": -94.0, "rotation": 90.0, "side": "top", "designator": "TH3", "mpn": "C13564", "pack": "R_0603_1608Metric", "value": "NCP18XH103F03RB", "mount_type": "smt", "place": true}, {"pos_x": 73.5, "pos_y": -56.5, "rotation": 180.0, "side": "top", "designator": "C54", "mpn": null, "pack": "C_1210_3225Metric", "value": "10u 100V", "mount_type": "smt", "place": true}, {"pos_x": 121.0, "pos_y": -53.0, "rotation": 180.0, "side": "top", "designator": "C31", "mpn": null, "pack": "C_1210_3225Metric", "value": "10u 100V", "mount_type": "smt", "place": true}, {"pos_x": 163.5, "pos_y": -56.5, "rotation": 180.0, "side": "top", "designator": "C51", "mpn": null, "pack": "C_1210_3225Metric", "value": "10u 100V", "mount_type": "smt", "place": true}, {"pos_x": 73.5, "pos_y": -53.0, "rotation": 180.0, "side": "top", "designator": "C33", "mpn": null, "pack": "C_1210_3225Metric", "value": "10u 100V", "mount_type": "smt", "place": true}, {"pos_x": 142.5, "pos_y": -117.5, "rotation": 0.0, "side": "top", "designator": "R23", "mpn": "C17471", "pack": "R_0805_2012Metric", "value": "150", "mount_type": "smt", "place": true}, {"pos_x": 126.0, "pos_y": -64.5, "rotation": -90.0, "side": "top", "designator": "R7", "mpn": "C17521", "pack": "R_0805_2012Metric", "value": "2r2", "mount_type": "smt", "place": true}, {"pos_x": 188.5, "pos_y": -114.5, "rotation": 180.0, "side": "top", "designator": "R37", "mpn": "C17520", "pack": "R_0805_2012Metric", "value": "2.2k", "mount_type": "smt", "place": true}, {"pos_x": 190.0, "pos_y": -117.5, "rotation": 0.0, "side": "top", "designator": "R22", "mpn": "C17471", "pack": "R_0805_2012Metric", "value": "150", "mount_type": "smt", "place": true}, {"pos_x": 66.5, "pos_y": -44.0, "rotation": 0.0, "side": "top", "designator": "J8", "mpn": null, "pack": "SolderWirePad_1x01_SMD_5x10mm", "value": "BATT+Conn1", "mount_type": "smt", "place": true}, {"pos_x": 136.5, "pos_y": -117.5, "rotation": -90.0, "side": "top", "designator": "U8", "mpn": "C89851", "pack": "TSOP-5_1.65x3.05mm_P0.95mm", "value": "NCS2003ASN2T1G", "mount_type": "smt", "place": true}, {"pos_x": 68.5, "pos_y": -63.5, "rotation": 180.0, "side": "top", "designator": "C4", "mpn": null, "pack": "C_1210_3225Metric", "value": "10u 100V", "mount_type": "smt", "place": true}, {"pos_x": 184.5, "pos_y": -73.5, "rotation": 90.0, "side": "top", "designator": "J7", "mpn": null, "pack": "SolderWirePad_1x01_SMD_5x10mm", "value": "PHASE_PAD", "mount_type": "smt", "place": true}, {"pos_x": 140.5, "pos_y": -105.5, "rotation": -90.0, "side": "top", "designator": "R32", "mpn": "C5119469", "pack": "R_2512_6332Metric", "value": "0.5m", "mount_type": "smt", "place": true}, {"pos_x": 105.0, "pos_y": -95.5, "rotation": 0.0, "side": "top", "designator": "R15", "mpn": "C17414", "pack": "R_0805_2012Metric", "value": "10k", "mount_type": "smt", "place": true}, {"pos_x": 95.5, "pos_y": -120.5, "rotation": 90.0, "side": "top", "designator": "U7", "mpn": "C2762292", "pack": "SOT-353_SC-70-5", "value": "RS2166XC5", "mount_type": "smt", "place": true}, {"pos_x": 85.5, "pos_y": -105.5, "rotation": -90.0, "side": "top", "designator": "R30", "mpn": "C5119469", "pack": "R_2512_6332Metric", "value": "0.5m", "mount_type": "smt", "place": true}, {"pos_x": 133.0, "pos_y": -105.5, "rotation": -90.0, "side": "top", "designator": "R29", "mpn": "C5119469", "pack": "R_2512_6332Metric", "value": "0.5m", "mount_type": "smt", "place": true}, {"pos_x": 184.0, "pos_y": -117.5, "rotation": -90.0, "side": "top", "designator": "U4", "mpn": "C89851", "pack": "TSOP-5_1.65x3.05mm_P0.95mm", "value": "NCS2003ASN2T1G", "mount_type": "smt", "place": true}, {"pos_x": 116.0, "pos_y": -56.5, "rotation": 180.0, "side": "top", "designator": "C53", "mpn": null, "pack": "C_1210_3225Metric", "value": "10u 100V", "mount_type": "smt", "place": true}, {"pos_x": 90.5, "pos_y": -64.5, "rotation": -90.0, "side": "top", "designator": "R16", "mpn": "C17521", "pack": "R_0805_2012Metric", "value": "2r2", "mount_type": "smt", "place": true}, {"pos_x": 163.5, "pos_y": -53.0, "rotation": 180.0, "side": "top", "designator": "C30", "mpn": null, "pack": "C_1210_3225Metric", "value": "10u 100V", "mount_type": "smt", "place": true}, {"pos_x": 90.5, "pos_y": -94.0, "rotation": -90.0, "side": "top", "designator": "R19", "mpn": "C17521", "pack": "R_0805_2012Metric", "value": "2r2", "mount_type": "smt", "place": true}, {"pos_x": 168.5, "pos_y": -60.0, "rotation": 180.0, "side": "top", "designator": "C8", "mpn": null, "pack": "C_1210_3225Metric", "value": "10u 100V", "mount_type": "smt", "place": true}, {"pos_x": 92.0, "pos_y": -117.5, "rotation": 90.0, "side": "top", "designator": "R42", "mpn": "C149504", "pack": "R_0805_2012Metric", "value": "100k", "mount_type": "smt", "place": true}, {"pos_x": 89.0, "pos_y": -117.5, "rotation": -90.0, "side": "top", "designator": "U9", "mpn": "C89851", "pack": "TSOP-5_1.65x3.05mm_P0.95mm", "value": "NCS2003ASN2T1G", "mount_type": "smt", "place": true}, {"pos_x": 93.0, "pos_y": -105.5, "rotation": -90.0, "side": "top", "designator": "R33", "mpn": "C5119469", "pack": "R_2512_6332Metric", "value": "0.5m", "mount_type": "smt", "place": true}, {"pos_x": 73.5, "pos_y": -60.0, "rotation": 180.0, "side": "top", "designator": "C26", "mpn": null, "pack": "C_1210_3225Metric", "value": "10u 100V", "mount_type": "smt", "place": true}, {"pos_x": 201.0, "pos_y": -91.5, "rotation": 0.0, "side": "top", "designator": "R2", "mpn": "C17530", "pack": "R_0805_2012Metric", "value": "2.7k", "mount_type": "smt", "place": true}, {"pos_x": 85.5, "pos_y": -119.0, "rotation": 0.0, "side": "top", "designator": "R36", "mpn": "C17520", "pack": "R_0805_2012Metric", "value": "2.2k", "mount_type": "smt", "place": true}, {"pos_x": 116.0, "pos_y": -63.5, "rotation": 180.0, "side": "top", "designator": "C3", "mpn": null, "pack": "C_1210_3225Metric", "value": "10u 100V", "mount_type": "smt", "place": true}, {"pos_x": 89.5, "pos_y": -73.5, "rotation": 90.0, "side": "top", "designator": "J16", "mpn": null, "pack": "SolderWirePad_1x01_SMD_5x10mm", "value": "PHASE_PAD", "mount_type": "smt", "place": true}, {"pos_x": 200.0, "pos_y": -95.5, "rotation": 0.0, "side": "top", "designator": "R3", "mpn": "C17414", "pack": "R_0805_2012Metric", "value": "10k", "mount_type": "smt", "place": true}]