Designator,Footprint,Quantity,Value,LCSC Part #
"C1, C11, C13, C16, C17, C22, C23, C24, C26, C54, C58, C59, C6, C63, C64, C9",0805,16,100n,C28233
"C10, C12, C5, C8",0805,4,10n,C1710
"C14, C15, C25, C4, C7",0805,5,1u,C28323
"C18, C19, C2, C20, C3, C36, C37, C38, C39, C40, C41, C42, C43",0805,13,1n,C94121
"C21, C57, C62",CP_EIA-7343-31_Kemet-D,3,47u 25v Tant,C117039
C27,0805,1,2.2u,C49217
C28,1206,1,47u 25V,C403725
C29,0805,1,100n 100V,C28233
C30,CP_EIA-3528-15_AVX-H,1,100uF 6.3V Tant,C16133
C31,CP_EIA-7343-31_Kemet-D,1,100uF 25V Tant,C212710
"C32, C33, C34",1206,3,22u 25V,C12891
"C35, C52",0603,2,20p,C1648
"C55, C56, C60, C61, C65, C66",1206,6,4.7u 50v,C29823
D1,0805,1,L_RUN,C2297
"D13, D14, D4, D5, D7, D8",D_SOD-123F,6,DSS34,
D2,0805,1,L_FAULT,C84256
"D3, D6, D9",D_SMA,3,SS520F,C353179
J1,JST_XH_S4B-XH-A_1x04_P2.50mm_Horizontal,1,ServoConn,C157925
"J10, J18, J19",PinHeader_2x03_P2.54mm_Vertical,3,PhaseConn1,C65114
J2,JST_XH_S8B-XH-A_1x08_P2.50mm_Horizontal,1,AuxConn,C157914
"J26, J27, J28",PinHeader_2x02_P2.54mm_Vertical_SMD,3,OutputDown,
J4,JST_XH_S6B-XH-A_1x06_P2.50mm_Horizontal,1,ADCConn,C157919
J5,JST_XH_S6B-XH-A_1x06_P2.50mm_Horizontal,1,HallConn,C157919
J6,JST_XH_S5B-XH-A_1x05_P2.50mm_Horizontal,1,UartSpi,C263757
J7,PinHeader_2x02_P2.54mm_Vertical_SMD,1,JTAG,C919361
J8,JST_XH_S4B-XH-A_1x04_P2.50mm_Horizontal,1,CANConn,C157925
J9,USB_C_Receptacle_GCT_USB4105-xx-A_16P_TopMnt_Horizontal,1,USBC Socket,C2765186
L1,L_Sunlord_SWPA5040S,1,5.6uH,C96924
"R1, R14, R15, R16, R3, R4",0805,6,10k,C17414
"R10, R11, R12, R17, R7, R8, R9",0805,7,2.2k,C17520
R13,0805,1,220,C17557
"R18, R19, R20",0805,3,100,C17408
R2,0805,1,3.3k,C26010
R21,0805,1,120,C17437
"R22, R23",0805,2,5.1k,C27834
"R24, R25",0805,2,22,C17561
R27,0805,1,100k,C149504
R28,0805,1,33k,C17633
R29,0805,1,7.68k,C104506
R30,0603,1,40.2k,C12447
"R33, R41, R49",0805,3,20k,C4328
"R34, R35, R36, R37, R38, R42, R43, R44, R45, R46, R50, R51, R52, R53, R54",0805,15,2r2,C17521
"R39, R40, R47, R48, R5, R55, R56, R6",0805,8,4.7k,C17673
SW1,SW_Tactile_SPST_NO_Straight_CK_PTS636Sx25SMTRLFS,1,BOOT,C329185
SW3,SW_Tactile_SPST_NO_Straight_CK_PTS636Sx25SMTRLFS,1,RST,C329185
"TP1, TP2, TP3, TP4, TP5, TP6",TestPoint_Pad_D1.0mm,6,TestPoint,
U1,LQFP-64_10x10mm_P0.5mm,1,STM32F405RGT6,C15742
U10,HM10,1,HM-10,HM-10
"U13, U4, U5",SOIC-16W_7.5x10.3mm_P1.27mm,3,UCC21520DWR,C601651
U14,SOT-23-5,1,LM4128AMF-3.3,C2156508
U3,Bosch_LGA-14_3x2.5mm_P0.5mm,1,LSM6DS3TR-C,C967633
U6,SOP-8_3.9x4.9mm_P1.27mm,1,TJA1051T-3,C5342108
U7,SOT-666,1,USBLC6-2P6,C2827693
U8,TSOT-23-6,1,ZTP7193Y,C481280
U9,SOT-223-3_TabPin2,1,AMS1117-3.3,C6186
Y1,Crystal_SMD_5032-2Pin_5.0x3.2mm,1,X50328MSB2GI,C115962
