Designator,Footprint,Quantity,Value,LCSC Part #
"C1, C10, C11, C2, C25, C26, C27, C28, C3, C30, C31, C32, C33, C4, C48, C49, C50, C51, C52, C53, C54, C55, C8, C9",1210,24,10u 100V,C5156756
"C29, C36, C39, C42, C44, C47",0805,6,100nF,C28233
"C35, C41, C46",1206,3,100nF,C24497
"C37, C38, C43",0805,3,1u,C28323
"H1, H2, H3, H4",MountingHole_4.3mm_M4_DIN965_Pad,4,MountingHole,
J1,PinSocket_2x02_P2.54mm_Vertical_SMD,1,DRIVER1,C3975147
J13,SolderWirePad_1x01_SMD_5x10mm,1,BATT+Conn2,
J14,SolderWirePad_1x01_SMD_5x10mm,1,BATT-Conn2,
"J15, J16, J7",SolderWirePad_1x01_SMD_5x10mm,3,PHASE_PAD,
J2,PinSocket_2x02_P2.54mm_Vertical_SMD,1,DRIVER2,C3975147
J3,PinSocket_2x02_P2.54mm_Vertical_SMD,1,DRIVER3,C3975147
J4,PinSocket_2x03_P2.54mm_Vertical_SMD,1,PhaseConn1,C5160818
J5,PinSocket_2x03_P2.54mm_Vertical_SMD,1,PhaseConn2,C5160818
J6,PinSocket_2x03_P2.54mm_Vertical_SMD,1,PhaseConn3,C5160818
J8,SolderWirePad_1x01_SMD_5x10mm,1,BATT+Conn1,
J9,SolderWirePad_1x01_SMD_5x10mm,1,BATT-Conn1,
"Q1, Q10, Q11, Q12, Q2, Q3, Q4, Q5, Q6, Q7, Q8, Q9",TO-263-2,12,IPB072N15N3G,C459162
"R1, R13, R20",0805,3,150k,C17470
"R10, R11, R12, R16, R17, R18, R19, R5, R6, R7, R8, R9",0805,12,2r2,C17521
"R14, R2, R21",0805,3,2.7k,C17530
"R15, R3, R4",0805,3,10k,C17414
"R22, R23, R24",0805,3,150,C17471
"R25, R26, R27",0805,3,47k,C17713
"R28, R29, R30, R31, R32, R33",2512,6,0.5m,C5119469
"R34, R35, R36, R37, R38, R39",0805,6,2.2k,C17520
"R40, R41, R42",0805,3,100k,C149504
"TH1, TH2, TH3",0603,3,NCP18XH103F03RB,C13564
"U1, U5, U7",SOT-353_SC-70-5,3,RS2166XC5,C2762292
"U4, U8, U9",TSOP-5_1.65x3.05mm_P0.95mm,3,NCS2003ASN2T1G,C89851
